{"carGuid": 0, "teamGuid": 0, "raceNumber": 774, "raceNumberPadding": 0, "auxLightKey": 0, "auxLightColor": 341, "skinTemplateKey": 100, "skinColor1Id": 231, "skinColor2Id": 231, "skinColor3Id": 231, "sponsorId": 0, "skinMaterialType1": 3, "skinMaterialType2": 3, "skinMaterialType3": 3, "rimColor1Id": 1, "rimColor2Id": 1, "rimMaterialType1": 0, "rimMaterialType2": 0, "teamName": "JMT", "nationality": 0, "displayName": "", "competitorName": "", "competitorNationality": 0, "teamTemplateKey": 0, "carModelType": 20, "cupCategory": 0, "licenseType": 0, "useEnduranceKit": 1, "customSkinName": "JMT774", "bannerTemplateKey": 0}